{"cameraMode":{"drawMode":0,"name":"Shaded","section":"Shading Mode"},"sceneLighting":false,"audioPlay":false,"sceneViewState":{"showFog":false,"showMaterialUpdate":false,"showSkybox":false,"showFlares":false,"showImageEffects":false,"showParticleSystems":false},"in2DMode":false,"pivot":{"x":-1.1833575963974,"y":-0.1578395664691925,"z":0.3132314682006836},"rotation":{"x":-0.0467303991317749,"y":0.9510520696640015,"z":-0.24670664966106416,"w":-0.18014521896839143},"size":2.1073949337005617,"orthographic":false}