{"cameraMode":{"drawMode":0,"name":"Shaded","section":"Shading Mode"},"sceneLighting":false,"audioPlay":false,"sceneViewState":{"showFog":false,"showMaterialUpdate":false,"showSkybox":false,"showFlares":false,"showImageEffects":false,"showParticleSystems":false},"in2DMode":false,"pivot":{"x":1.625000238418579,"y":0.1024312973022461,"z":-1.1257569789886475},"rotation":{"x":-0.04080936685204506,"y":0.9587224721908569,"z":-0.21369406580924989,"w":-0.1830882877111435},"size":2.70739483833313,"orthographic":false}